id;log_type;log_name;user_id;class_name;method;succeed;create_time;message
1;Intelligent Frozen Sausages Villages;Human;37015;Automotive Tactics architectures;Wisconsin Facilitator Incredible;reinvent;2020-02-03T12:14:16;infrastructure
2;mesh;Configuration UIC-Franc;57006;Intelligent;Zambian Kwacha intuitive;Bedfordshire;2020-02-03T11:36:29;program
3;Metal array France;redundant;81011;HDD;Sleek Beauty Auto Loan Account;deposit;2020-02-03T15:49:04;auxiliary Human
4;Tools California;North Dakota Garden;46559;Wallis and Futuna;generating;Computers Small Fresh Gloves back-end;2020-02-04T05:36:56;South Georgia and the South Sandwich Islands
5;composite Orchestrator Club;Intelligent Granite Shirt Peru deposit;72609;Strategist;card Licensed Cotton Ball;mindshare Gorgeous;2020-02-04T08:03:23;Brand
6;infomediaries Som Rustic Frozen Keyboard;Enterprise-wide Benin;71459;invoice;invoice;alarm Jamaica;2020-02-03T17:59:02;paradigms Organic strategic
7;Steel leading-edge Small;Incredible Fresh Chips;70365;Bridge;connect;Hollow Shoes systems;2020-02-03T23:06:03;Personal Loan Account
8;HTTP explicit;Personal Loan Account;50313;EXE payment;Checking Account;invoice Outdoors New York;2020-02-03T10:05:59;North Dakota incubate deposit
9;haptic parsing;revolutionize Branding;90535;black;yellow;Books Generic;2020-02-03T16:16:22;Handcrafted Plastic Shirt quantifying
10;wireless;hybrid;11816;Rupiah Personal Loan Account HTTP;schemas Specialist China;quantify multi-byte;2020-02-03T08:53:35;infrastructures incentivize quantify
